name,address,latitude,longitude,difficulty,satisfaction,tags,description_geography,description_nature,description_culture,image
Chimney Rock National Historic Site,Chimney Rock Road near Bayard Nebraska,41.7553,-103.3271,48,76,"Old Wagon Ruts,No Trees,Sandy Spots,Snake Hazard,Open Space,Dirt Trail,Gift Shop,Uphill Walk,Telescope On-Site,Prairie Grass,Historic Landmark,Oregon Trail Site,Paved Parking Lot,Visitor Center,Picnic Area,Restrooms On-Site,Wheelchair Accessible Path,Dog Friendly,Panoramic Views,Photography Spot,Fossil History,Native Plant Life,Wind Exposure,Extreme Sun Exposure,Minimal Shade,Wildlife Sightings,Birdwatching,Stargazing Spot,Seasonal Wildflowers,Loose Gravel Path,Short Loop Available,Guided Tours,Educational Signage,Clay Soil,Seasonal Closure Risk,Limited Cell Service,Free Entry,National Park Pass Accepted,Evening Access,Sunrise Views","Rising nearly 300 feet above the surrounding North Platte River Valley, Chimney Rock is a geological marvel composed of layers of Brule clay, volcanic ash, and Arickaree sandstone. This iconic spire served as a critical milestone for pioneers, signaling the end of the flat prairie and the beginning of the rugged mountain terrain. Today, the formation continues to stand as a dramatic silhouette against the Nebraska sky, though natural erosion slowly reshapes its famous profile year by year.","The area surrounding the rock is a vibrant example of the short-grass prairie ecosystem. Hikers may spot pronghorn antelope darting through the brush or hear the distinct call of the Western Meadowlark. The vegetation is hardy and adapted to the arid climate, featuring buffalo grass, prickly pear cactus, and yucca plants. During the spring, the landscape is dotted with wildflowers like prairie sunflowers, providing a stark, beautiful contrast to the sun-baked earth of the spire.","Chimney Rock holds the title of the most frequently mentioned landmark in the diaries of over 500,000 pioneers who traveled the Oregon, California, and Mormon Trails. For these travelers, it was a beacon of progress and a symbol of endurance. Long before the settlers, Native American tribes recognized the spire as a spiritual site and a guidepost. It was designated a National Historic Site in 1956, preserving its legacy as one of the most significant symbols of the American West. Description is a courtesy of Gemini.",https://visitnebraska.com/sites/default/files/listing_images/profile/3399/ChimneyRock_709_10jpg1488325619.jpg
Cowboy Trail,1000 S 13th St Norfolk NE 68701,41.9833,-97.4167,35,82,"Long Distance Trail,Rail Trail,Crushed Limestone,Dirt Trail,Biking Friendly,Horseback Riding,Dog Friendly,Open Space,Wildlife Sightings,Birdwatching,Sandhills Region,River Crossings,High Trestle Bridges,Photography Spot,Historic Rail History,Cows On-Site,Flat Path,Minimal Shade,Wind Exposure,Extreme Sun Exposure,Camping Nearby,Small Town Access,Biking Repair Stations,Picnic Area,Niobrara River Views,Sunset Views,Goldenrod,Sunflower Sightings,Wild Turkeys,Deer Sightings,Minimal Cell Service,Water Crossings,Gravel Path,Multi-Day Trek,Public Land,Nature Observation,Quiet Environment,Prairie Landscapes,Elkhorn River Trail,History Markers","Spanning 321 miles across northern Nebraska, the Cowboy Trail is a premier rails-to-trails project following the historic Chicago and North Western railway corridor. The path transitions from the lush Elkhorn River Valley into the rolling, ancient dunes of the Sandhills, characterized by a surface of crushed limestone and dirt. Its geographical crown jewel is the Valentine Bridge, a massive trestle standing 148 feet above the Niobrara River, offering a panoramic view of the rugged river breaks and the vast Great Plains below.","The trail corridor serves as a vital sanctuary for the 'sea of grass' ecosystem, featuring tallgrass species like big bluestem and switchgrass. Travelers frequently encounter diverse wildlife, including white-tailed deer leaping through the brush, wild turkeys, and red-tailed hawks circling overhead. In the spring and summer, the path is lined with native goldenrod and sunflowers, providing a vibrant floral border against the wide-open prairie. The quiet nature of the trail makes it a premier destination for birdwatching and observing the reclaiming of the iron horse's path by the natural world.","Originally known as the 'Cowboy Line,' this trail represents a piece of living rural Americana, connecting small Nebraska towns that once thrived on the railroad's pulse. Modern explorers can visit historic depots and local diners that serve as critical rest stops, much like the water stops for steam engines in the 19th century. The trail symbolizes the enduring spirit of the West, where the roar of the locomotive has been replaced by the quiet footsteps of hikers and cyclists. It stands today as the longest rail trail in the state, preserving the legacy of the Nebraska frontier for future generations. Description is a courtesy of Gemini.",https://visitnebraska.com/sites/default/files/2019-01/cowboy_trail_valentine01_dsmith.jpg
Scotts Bluff National Monument,190276 Old Oregon Trail Gering NE 69341,41.8385,-103.7088,65,88,"Historic Landmark,Oregon Trail Site,Paved Trail,Uphill Walk,Extreme Sun Exposure,Minimal Shade,Wind Exposure,Photography Spot,National Park Pass Accepted,Visitor Center,Restrooms On-Site,Picnic Area,Wheelchair Accessible Path,Geological Marvel,Clay Soil,Sandstone Bluffs,Prairie Grass,Native Plant Life,Wildlife Sightings,Birdwatching,Rattlesnake Hazard,Prairie Dogs,Mule Deer,Photography Spot,Sunset Views,Guided Tours,Educational Signage,Tunnel Passage,Panoramic Views,Elevation Gain,Short Loop Available,Biking Prohibited on Trails,Free Parking,Historic Wagons,Museum On-Site,Gift Shop,Stargazing Spot,Accessible Overlooks,Seasonal Wildflowers","Towering 800 feet above the North Platte River, Scotts Bluff National Monument is a geological fortress composed of distinct layers of siltstone, volcanic ash, and sandstone. The monument features five massive outcroppings—including Eagle Rock and Sentinel Rock—sculpted by millions of years of wind and water erosion. The Saddle Rock Trail offers a rigorous climb through a unique pedestrian tunnel carved directly into the bluff, leading to 360-degree panoramic overlooks that reveal the dramatic topography of the Nebraska Panhandle.","This high-plains ecosystem creates a unique habitat where ponderosa pines and Rocky Mountain junipers cling to the rugged cliffsides. Near the base, bustling prairie dog towns provide constant activity, while mule deer frequently graze in the shadowed canyons. Overhead, the thermals created by the bluffs support nesting golden eagles and prairie falcons. The vegetation is a hardy mix of mountain mahogany and aromatic sagebrush, specifically adapted to survive the intense sun and wind exposure common to this high-elevation environment.","Historically known as 'Me-a-pa-te' (the hill that is hard to go around) by the Lakota, Scotts Bluff became a pivotal landmark for over half a million emigrants on the Oregon, California, and Mormon Trails. The site still preserves deep, original wagon ruts carved into the earth by pioneers, serving as a visceral connection to the 19th-century westward expansion. It was designated a National Monument in 1919 to protect its status as a living history museum, featuring a renowned collection of frontier sketches by William Henry Jackson. The bluff remains an enduring symbol of the challenges and perseverance of the American pioneer spirit. Description is a courtesy of Gemini.",https://visitnebraska.com/sites/default/files/listing_images/profile/3500/9209146d086faabbf85006a44137a46c_2017BrianPoffenbergerMitchellPasssunset1.jpg
Carhenge,2151 CR 59 Alliance NE 69301,42.1422,-102.8578,10,85,"Unique Landmark,Art Installation,Roadside Attraction,Flat Path,Photography Spot,Free Entry,Gravel Parking,Gift Shop,Open Space,No Shade,Wind Exposure,Stargazing Spot,Accessible Path,Picnic Area,Restrooms On-Site,Seasonal Wildflowers,Prairie Grass,Native Plant Life,Birdwatching,Fossil History,Educational Signage,Creative Monument,Vintage Cars,Quirky Vibe,Family Friendly,Sunset Views,Sunrise Views,Minimal Cell Service,No Trees,Short Walk,National Geographic Highlight,Cadillac Heel Stone,Slate Gray Paint,Summer Solstice Site,Industrial Art,Modern Megalith,Panhandle Attraction,Outdoor Gallery,Short Loop,Easy Walk","Carhenge is a faithful replica of England's Stonehenge, constructed entirely from vintage American automobiles. Geographically, it sits on the high plains of the Nebraska Panhandle, where the flat, expansive horizon provides a stark backdrop for the 39 vehicles arranged in a 96-foot diameter circle. The 'heel stone' is a 1962 Cadillac, and the entire structure is painted a uniform slate gray to mimic the appearance of ancient megaliths.","The site is surrounded by native short-grass prairie that thrives in the arid climate of western Nebraska. Visitors will find hardy buffalo grass and seasonal sunflowers that bloom in the late summer, attracting local pollinators and grassland birds like the Meadowlark. While the installation itself is man-made, the surrounding acreage is a peaceful slice of the Great Plains ecosystem, often visited by hawks and prairie falcons searching for small rodents in the tall grass.","Created by Jim Reinders as a memorial to his father, Carhenge was dedicated during the June Solstice of 1987. It serves as a quirky, industrial tribute to the agrarian and automotive history of the United States. Over the years, it has evolved from a local curiosity into an international landmark, representing the unique brand of 'prairie art' that characterizes the region. It stands as a testament to creative engineering and remains one of the most photographed roadside attractions in the Midwest. Description is a courtesy of Gemini.",https://carhenge.com/wp-content/uploads/2020/10/cropped-carhenge1riseabove300dpi.jpg
Niobrara State Park,89264 522 Ave Niobrara NE 68760,42.7533,-98.0519,45,92,"River Views,Canoeing,Kayaking,Camping,Fishing,Hiking Trails,Wildlife Sightings,Birdwatching,Bridge Crossings,Paved Roads,Dirt Trails,Uphill Walk,Minimal Shade,Photography Spot,Visitor Center,Restrooms On-Site,Showers Available,Picnic Area,Playground,Historical Markers,Native Plant Life,Deciduous Trees,Bluff Views,Seasonal Wildflowers,Cabins Available,Horseback Riding,Bald Eagle Sightings,Catfishing,River Access,Guided Tours,Educational Signage,River Confluence,Missouri River Valley,Sandbar Observation,Wooded Ravines,Hardwood Forest,Autumn Foliage,Ponca History,Standing Bear Trail,Waterfowl Sightings,Lewis and Clark Context","Located at the confluence of the Niobrara and Missouri Rivers, this park features dramatic bluffs and rolling hills that overlook the wide river valleys. The geography is characterized by deep ravines and sandy riverbanks, with trails that wind along the edge of the limestone cliffs. The elevation changes offer stunning overlooks where the two mighty rivers merge, creating a complex water system that has shaped the northeastern Nebraska landscape for centuries.","The park is a lush haven for biodiversity, featuring a mix of oak-woodland and riverine forest. Nature enthusiasts can spot bald eagles nesting in the high cottonwood trees and white-tailed deer roaming the undergrowth. The river itself is home to prehistoric pallid sturgeon and various catfish species. In the autumn, the foliage turns vibrant shades of gold and red, making it one of the premier locations in the state for witnessing the seasonal transition of the hardwood forest.","This area holds deep cultural significance as the ancestral home of the Ponca Tribe and the site of the Standing Bear trail. The park preserves the history of early river navigation and the Mormon pioneers who crossed these waters on their westward trek. Today, it remains a cornerstone of Nebraska's state park system, offering an outdoor classroom for environmental conservation and a sanctuary for those looking to connect with the state's rich riparian heritage. Description is a courtesy of Gemini.",https://www.touristsecrets.com/wp-content/uploads/2024/10/breathtaking-views-at-niobrara-state-parks-river-overlook-1728487208.jpg
Toadstool Geologic Park,12501 Toadstool Rd Crawford NE 69339,42.8511,-103.6069,55,90,"Badlands Terrain,Fossil History,Photography Spot,Hiking Trails,Extreme Sun Exposure,No Shade,Wind Exposure,Clay Soil,Stargazing Spot,Geological Marvel,Ancient Riverbed,Minimal Cell Service,Dirt Road Access,Primitive Camping,Educational Signage,Native Plant Life,Cactus Sightings,Wildlife Sightings,Rattlesnake Hazard,Pet Friendly,Historic Sod House,Oregon Trail Context,Photography Spot,Unique Formations,Rock Scrambling,Loose Gravel,High Elevation,Arid Climate,Birdwatching,Sunset Views,Eocene Fossils,Mushroom Rocks,Volcanic Ash Layers,Oglala National Grassland,Nature Photography,Benches Available,Remote Location,Paleontology,Sandstone Caps,Gully Hiking","Toadstool Geologic Park is often described as the 'moonscape of Nebraska' due to its bizarre mushroom-shaped sandstone formations. These structures were created by the uneven erosion of volcanic ash layers and harder sandstone caprocks. The terrain consists of ancient, fossilized riverbeds and clay badlands that date back over 30 miles. The deep gullies and jagged ridges provide a challenging environment for hikers, requiring careful footing on the slippery clay surfaces.","Despite the harsh, desert-like conditions, the park is home to a specialized ecosystem of desert-hardy plants, including prickly pear cactus and yucca. The area is famous for its 'Eocene Epoch' fossils, where footprints of ancient rhinoceros-like creatures can still be seen embedded in the rock. Travelers may spot vultures circling above the ridges or horned lizards darting between the rocks. The stark beauty of the landscape is heightened by the lack of vegetation, exposing the raw, colorful layers of the earth's history.","The park features a reconstructed 1930s sod house, providing a glimpse into the grueling life of early Great Plains homesteaders who lived in 'soddies' due to the lack of timber. The site has long been a place of wonder, from Native American tribes who utilized the high vantage points for scouting to modern paleontologists who study the rich fossil record. It is managed by the Oglala National Grassland and remains a protected site for scientific research and rugged outdoor exploration. Description is a courtesy of Gemini.",https://visitnebraska.com/sites/default/files/inline-images/Toadstool_Geologic_Park_SEHK-0yp9SLYDMv5wPd4sus18q0ABlZBh_rgb_l_0.jpg
Platte River State Park,14421 346th St Louisville NE 68037,40.9180,-96.1448,25,88,"Family Friendly,Waterfall Site,Observation Tower,Paved Trails,Shaded Path,Deciduous Forest,Camping,Cabins,Photography Spot,Birdwatching,Wildlife Sightings,Deer Sightings,Fishing,Canoeing,Paddleboarding,Playground,Restrooms On-Site,Visitor Center,Gift Shop,Educational Signage,Picnic Area,Pet Friendly,Archery Range,Shooting Range,Mountain Biking,River Access,Seasonal Wildflowers,Autumn Foliage,Guided Tours,Loess Hills,Limestone Waterfall,Teepee Rentals,Platte River Bluffs,Bur Oak Trees,Hickory Forest,Warbler Sightings,Stone Creek,Nature Center,Outdoor Classroom,Amphitheater","Nestled between Omaha and Lincoln, this park features rolling, timbered hills and picturesque bluffs overlooking the Platte River. The geography is dominated by a dense forest canopy and a charming limestone waterfall located along a short, accessible hiking trail. The terrain is much gentler than western Nebraska, consisting of loess hills and fertile river bottomlands that provide a cool, shaded environment even during the peak of summer.","The park's nature is a vibrant showcase of the eastern deciduous forest, with towering bur oaks, hickories, and walnuts. The 'Stone Creek' waterfall area is a micro-ecosystem supporting ferns and mosses that are rare in other parts of the state. White-tailed deer, wild turkeys, and red fox are common sights along the trail. During the spring migration, the park becomes a hotspot for colorful warblers and other songbirds, making it a favorite for local birdwatchers.","Platte River State Park is a modern hub for outdoor recreation, but it preserves the cultural legacy of the early settlers who utilized the Platte River as a 'Great American Highway' to the west. The park's observation towers allow visitors to see for miles, mirroring the vantage points once sought by scouts and pioneers. It has become one of Nebraska's most popular destination parks, blending high-end amenities like the Mallet Lodge with the raw beauty of the river valley. Description is a courtesy of Gemini.",https://theomahamom.com/wp-content/uploads/2023/07/Platte-River-State-Park-Waterfall-and-Creek.png
Smith Falls State Park,90159 Smith Falls Rd Valentine NE 69201,42.8894,-100.3150,30,95,"Waterfall,Highest Waterfall in NE,Niobrara River,Shaded Path,Wooden Bridge,Photography Spot,Swimming,Canoeing,Kayaking,Wildlife Sightings,Birdwatching,Picnic Area,Restrooms On-Site,Camping,Visitor Center,Educational Signage,Native Plant Life,Unique Microclimate,Aspen Trees,Birch Trees,Cool Mist,Family Friendly,Seasonal Wildflowers,River Access,Stargazing Spot,Boardwalk Path,Minimal Cell Service,National Scenic River,Nature Preserve,Ice Age Remnant,Spring Fed,Boardwalk,Iron Bridge,Canyon Habitat,Eco-Conservation,Sandhills Edge,River Tubing,Mosses and Ferns,Blue Heron Habitat","Smith Falls is home to Nebraska's highest waterfall, a 70-foot drop created by a spring-fed stream cascading over a limestone ledge into the Niobrara River valley. The geography is unique because the cool, moist canyon creates a 'biological island' that is much cooler than the surrounding sandhills. The trail features a historic iron bridge that crosses the Niobrara River, providing access to the boardwalk that leads directly to the base of the falls.","Because of the unique microclimate, Smith Falls is the only place in the Great Plains where you can find paper birch and quaking aspen trees, remnants of the last Ice Age. The mist from the falls supports a lush growth of mosses and liverworts that are found nowhere else in the region. Wildlife is abundant, with blue herons frequently spotted along the river and various amphibious species thriving in the cool, damp environment near the splash pool.","The falls are named after Frederic Smith, who filed the first homestead patent on the land. In 1992, the area was established as a state park to protect the fragile ecosystem and the waterfall. It has since become the crowning jewel of the Niobrara National Scenic River, serving as a popular stopping point for thousands of tubers and canoers who navigate the river each summer. It stands as a symbol of Nebraska's hidden natural diversity and environmental conservation. Description is a courtesy of Gemini.",https://heroesofadventure.com/wp-content/uploads/2018/02/b913d2df78150ac07bcd72649427f7c0.jpg
Indian Cave State Park,65296 720 Rd Shubert NE 68437,40.2633,-95.5333,60,90,"Cave,Petroglyphs,Missouri River,Steep Trails,Hardwood Forest,Autumn Foliage,Photography Spot,Camping,Historical Markers,Native American History,Wildlife Sightings,Birdwatching,Deer Sightings,Wild Turkeys,Horseback Riding,Mountain Biking,Picnic Area,Restrooms On-Site,Visitor Center,Educational Signage,River Overlooks,Minimal Cell Service,Stargazing Spot,Seasonal Wildflowers,Mushroom Foraging,Winter Sledding,Historic Cemetery,Loess Bluffs,River Confluence Context,Sandstone Alcove,Rock Carvings,Ghost Town Site,St. Deroin History,Oak-Hickory Forest,Missouri Flyway,Nature Photography,Sunrise Overlooks,Rugged Hiking,River Erosion","Located in the deep southeast corner of the state, this park is famous for its large sandstone alcove and steep, rugged hills. The geography is characterized by deep loess bluffs that tower over the Missouri River, offering some of the most dramatic elevation changes in eastern Nebraska. The 'Indian Cave' itself is a natural formation carved by wind and water into the soft sandstone, sitting at the base of a high ridge.","The park is dominated by an ancient hardwood forest of oak and hickory, which creates a dense canopy that turns into a kaleidoscope of colors in October. It is a premier spot for seeing wild turkeys and large herds of white-tailed deer. The rare timber rattlesnake can occasionally be found in the remote rocky outcrops, and the park is a vital stopover for migratory birds traveling the Missouri River flyway.","The park's most famous feature is the ancient petroglyphs (rock carvings) found inside the cave, believed to have been made by Native Americans thousands of years ago. The site also contains the remains of the town of St. Deroin, a mid-1800s river settlement that was eventually swallowed by the shifting river. Today, the park is a blend of mysterious ancient history and modern outdoor adventure, preserving the legends of the river people. Description is a courtesy of Gemini.",https://mainstreamadventures.com/wp-content/uploads/2021/10/indiancavesp.jpg
Fort Robinson State Park,3200 US-20 Crawford NE 69339,42.6947,-103.4614,40,94,"Historic Fort,Badlands,High Bluffs,Paved Roads,Dirt Trails,Horseback Riding,Wildlife Sightings,Buffalo Herd,Longhorn Cattle,Birdwatching,Photography Spot,Museum,Visitor Center,Restrooms On-Site,Camping,Cabins,Playground,Picnic Area,Educational Signage,Native American History,Military History,Geological Marvel,Buttes,Seasonal Wildflowers,Guided Tours,Stagecoach Rides,Indoor Pool,Stargazing Spot,Minimal Cell Service,Pine Ridge Region,Red Cloud Buttes,Ponderosa Pines,Bighorn Sheep,Mountain Lion Habitat,Crazy Horse Memorial Site,Cavalry Remount Station,POW Camp Context,Old West History,Nature Photography,Butte Overlooks","Fort Robinson is set against the stunning backdrop of the Pine Ridge region, featuring towering red-rimmed buttes and expansive pine-covered ridges. The geography is a dramatic mix of lush valley grasslands and jagged ponderosa pine forests. The high plateaus offer incredible views of the surrounding Crawford area, with unique geological formations like the 'Red Cloud Buttes' dominating the northern horizon.","This park is one of the best places in Nebraska to see large North American mammals in a natural setting. It maintains a massive herd of American Buffalo (Bison) and Texas Longhorn cattle. In the higher ridges, bighorn sheep have been successfully reintroduced and can often be seen perched on the rocky ledges. The nature trails wind through ponderosa pine forests that are home to mountain lions, mule deer, and a vast array of predatory birds like golden eagles.","Fort Robinson has a complex and somber history; it was a former U.S. Army post and the site where the great Sioux leader Crazy Horse was killed in 1877. It later served as a cavalry remount station and even a POW camp during World War II. Today, it is Nebraska's premier historical park, offering a massive array of museums and activities that allow visitors to step back into the era of the Old West and the Indian Wars. Description is a courtesy of Gemini.",https://ejphoto.com/images_NE/NE_RedCloudButtes03.jpg
Wildcat Hills SRA,210615 NE-71 Gering NE 69341,41.7780,-103.6156,50,89,"Pine Ridges,High Elevation,Buttes,Canyons,Dirt Trails,Steep Inclines,Panoramic Views,Photography Spot,Wildlife Sightings,Birdwatching,Visitor Center,Nature Center,Educational Signage,Picnic Area,Restrooms On-Site,Stargazing Spot,Native Plant Life,Ponderosa Pines,Wildflowers,Wild Turkey,Mule Deer,Photography Spot,Sunset Views,Minimal Cell Service,Shooting Range,Archery,Mountain Biking,Family Friendly,Escarpment,Sandstone Cliffs,Volcanic Ash Layers,Bighorn Sheep Habitat,Mountain Bluebirds,Nature Education,Sunrise Overlooks,Arid Climate,Photography Point,Benches Available,Wildlife Observation,Panhandle Landmark","The Wildcat Hills are a rugged escarpment that rises abruptly from the surrounding North Platte Valley. The geography is defined by deep canyons, rocky ridges, and high buttes composed of ancient sandstone and volcanic ash. The trails offer significant elevation changes, providing hikers with a taste of the 'mountain' terrain that pioneers described as they left the flat prairies of the east.","The Hills are covered in a dense forest of Ponderosa Pine and Rocky Mountain Juniper, creating an evergreen oasis in the middle of the high plains. The area is a vital habitat for bighorn sheep and mountain lions, though they are elusive to most visitors. Birdwatchers can see mountain bluebirds and various hawks, while the wildflower displays in early summer bring splashes of purple and gold to the rugged canyon floors.","Wildcat Hills has served as a landmark and lookout point for thousands of years, from nomadic Native American tribes to early fur traders. The Nature Center on-site is an architectural marvel, built to blend into the cliffs, and provides extensive education on the prehistoric life of the region. It remains a popular spot for locals and tourists alike to experience the 'wild' side of Nebraska's panhandle. Description is a courtesy of Gemini.",https://bryanberg.net/files/wp-content/uploads/wildcat02.jpg
Ashfall Fossil Beds,86330 513th Ave Royal NE 68773,42.4261,-98.1617,15,96,"Fossil History,Paleontology,Volcanic Ash,Indoor Facility,Paved Path,Educational Signage,Guided Tours,Museum,Photography Spot,Visitor Center,Gift Shop,Restrooms On-Site,Picnic Area,Birdwatching,Wildlife Sightings,Nature Trail,Native Plant Life,Prairie Grass,Family Friendly,Wheelchair Accessible,Stargazing Spot,Minimal Cell Service,Unique Landmark,National Natural Landmark,Rhino Barn,Active Dig Site,Verdigre Valley,Prehistoric Rhinos,Three-Toed Horses,Ancient Camels,Pompeii of the Plains,Paleo-Savanna,Scientific Research,Nature Photography,Grassland Birds,Observation Deck,Geological History,Ice Age Context","Ashfall is a world-renowned paleontological site where prehistoric animals were buried alive by a massive cloud of volcanic ash 12 million years ago. The geography consists of rolling hills and a 'Rhino Barn' that protects the active dig site where skeletons remain in their original positions. It is situated on the edge of the scenic Verdigre Valley, offering a look into the ancient landscape that once resembled a modern-day African savanna.","The site preserves the remains of barrel-bodied rhinoceroses, three-toed horses, and camel-like creatures in incredible detail. In the modern day, the surrounding trails feature native tallgrass prairie and a variety of grassland birds. The nature trails allow visitors to see how the landscape has changed from a tropical savanna to the temperate prairie of today, with local sightings of deer and wild turkeys common in the nearby wooded draws.","Often called the 'Pompeii of the Plains,' Ashfall was discovered in 1971 when a paleontologist spotted a baby rhino skull peeking out of a hillside. It is now a joint project between the University of Nebraska State Museum and the Game and Parks Commission. The site is unique because it allows visitors to watch real scientists at work, uncovering the mysteries of the prehistoric Midwest in real-time. Description is a courtesy of Gemini.",https://www.joelsartore.com/wp-content/uploads/stock/SCE041/SCE041-00025-1920x1279.jpg
Calamus Reservoir,42285 Calamus Rd Burwell NE 68823,41.8125,-99.3214,20,85,"Lake Views,Sand Beaches,Boating,Fishing,Camping,Flat Path,Photography Spot,Wildlife Sightings,Waterfowl,Birdwatching,Picnic Area,Restrooms On-Site,Boat Ramps,Fish Hatchery,Open Space,Wind Exposure,Extreme Sun Exposure,Minimal Shade,Sunset Views,Stargazing Spot,Native Plant Life,Sandhills Region,Seasonal Wildflowers,Pet Friendly,Family Friendly,Canoeing,Kayaking,Minimal Cell Service,Sand Dunes,White Sand,North Loup River,Wetland Habitat,Sandhill Cranes,Walleye Fishing,Pelican Sightings,Shoreline Trail,Irrigation History,Man-Made Lake,Dam Site,Sunrise Photography,Prairie Observation","The Calamus Reservoir is a massive man-made lake located on the eastern edge of the Nebraska Sandhills. The geography is characterized by over 5,000 acres of water surrounded by rolling sand dunes and white-sand beaches that mimic a coastal environment. The North Loup River feeds into the lake, creating a fertile wetland area at the western end where the water is shallow and teeming with life.","The reservoir is a critical stopover for migratory waterfowl, including thousands of sandhill cranes, pelicans, and ducks. The surrounding dunes are covered in sand reedgrass and prickly pear cactus, while the lake itself is famous for its walleye, northern pike, and wipers. Anglers and nature photographers flock to the area to capture the reflection of the endless Nebraska sky in the clear, blue water of the reservoir.","The dam was completed in 1986 as part of a massive irrigation and flood control project for the North Loup River valley. Today, it has evolved into one of the state's most popular summer destinations for 'beach' life in the Midwest. The nearby Virginia Smith Dam and the state fish hatchery provide educational opportunities for visitors to learn about water management and the preservation of Nebraska's aquatic species. Description is a courtesy of Gemini.",https://media-cdn.tripadvisor.com/media/photo-s/04/94/22/98/fishing-at-sundown.jpg
Ponca State Park,88090 Spur 26 E Ponca NE 68770,42.6050,-96.7160,50,91,"Missouri River Views,Wooded Bluffs,Hiking Trails,Mountain Biking,Horseback Riding,Wildlife Sightings,Birdwatching,Bald Eagle Sightings,Canoeing,Kayaking,Fishing,Camping,Cabins Available,Visitor Center,Educational Signage,Photography Spot,Sunset Views,Restrooms On-Site,Showers On-Site,Picnic Area,Playground,Historic Landmark,Lewis and Clark Trail,Seasonal Wildflowers,Autumn Foliage,Loess Hills Terrain,River Access,Archery Range,Shooting Range,Pet Friendly,Family Friendly,National Missouri River Kayak Championships,Missouri National Recreational River,Old Oak Trees,Turkey Sightings,Deer Sightings,Backpacking,Winter Sledding,Nature Center","Perched on the high bluffs overlooking the Missouri River in northeast Nebraska, Ponca State Park is defined by its dramatic river vistas and steep, rolling hills. The geography marks the transition from the Great Plains to the Missouri River valley, featuring deep ravines and scenic limestone overlooks. It is a key part of the Missouri National Recreational River, showcasing the unchannelized, natural flow of the 'Big Muddy' as it winds through the Loess Hills formation.","The park is a lush sanctuary dominated by massive bur oak trees and a variety of hardwoods that produce some of the state's most vibrant autumn colors. Wildlife is abundant; the park is a prime location for spotting white-tailed deer, wild turkeys, and red foxes. During the winter and early spring, bald eagles can frequently be seen perched in the cottonwoods along the riverbanks. The diverse understory supports a wide array of mushrooms and seasonal wildflowers, making it a favorite for foragers and botanists alike.","Named after the Ponca Tribe who once inhabited this fertile valley, the park is rich in cultural history. It is a designated site on the Lewis and Clark Historical Trail, and the Three State Overlook offers a view where Nebraska, Iowa, and South Dakota meet. Today, Ponca is famous for hosting the Missouri River Outdoor Expo and remains a premier destination for conservation education, blending tribal heritage with modern environmental stewardship. Description is a courtesy of Gemini.",https://verdanttraveler.com/wp-content/uploads/2023/12/Ponca-State-Park-3-768x439.jpg
Homestead National Historical Park,8523 W State Hwy 4 Beatrice NE 68310,40.2886,-96.8373,15,86,"Tallgrass Prairie,Historic Landmark,Educational Signage,Visitor Center,Museum On-Site,Photography Spot,Birdwatching,Wildlife Sightings,Flat Path,Accessible Trails,Restrooms On-Site,Picnic Area,Gift Shop,Heritage Site,Homestead Act History,Osage Orange Hedgerow,Bur Oak Forest,Native Plant Life,Seasonal Wildflowers,Butterfly Sanctuary,Mormon Trail Context,Pioneer Life,Free Entry,Guided Tours,School Program Site,Stargazing Spot,Quiet Environment,Family Friendly,Nature Photography,Restored Prairie,Cub Creek,Land Records Research,Cultural Heritage,Morning Dew,Peaceful Walk,Walking Loop,Historic Cabin,Freight Wagon Site","Located in southeast Nebraska, the park sits on the site of the first land claim filed under the Homestead Act of 1862. The geography is characterized by one of the oldest successfully restored tallgrass prairies in the nation, featuring gently rolling terrain and the meandering Cub Creek. The landscape reflects the transition between the eastern woodlands and the open plains, preserved exactly as it appeared to the first pioneers who arrived to break the sod.","The park serves as a vital laboratory for tallgrass prairie ecology, featuring over 100 species of native grasses and wildflowers including Big Bluestem and Indian Grass. This habitat supports a thriving population of pollinators, particularly monarch butterflies during their migration. Birdwatchers can find meadowlarks and grasshopper sparrows among the stalks. The creek corridor provides a shaded habitat for older bur oaks and walnut trees, where owls and wood ducks are commonly sighted nesting in the hollows.","This site commemorates the seismic impact of the Homestead Act, which granted 160 acres of land to nearly 4 million people, fundamentally reshaping the United States. The Heritage Center houses the world's most extensive collection of homesteading artifacts and records. It also addresses the complex cultural displacement of Native American tribes that resulted from westward expansion. It stands as a profound symbol of the American dream, grit, and the environmental changes wrought by industrial agriculture. Description is a courtesy of Gemini.",https://www.parkrangerjohn.com/wp-content/uploads/2021/12/Epic-Homestead-National-Historical-Park.jpg
Victoria Springs SRA,21663 Victoria Springs Ln Anselmo NE 68813,41.5175,-99.9328,10,82,"Spring-Fed Lake,Mineral Springs,Sandhills Region,Flat Path,Rowing,Fishing,Camping,Cabins Available,Historic Log Cabins,Post Office History,Photography Spot,Wildlife Sightings,Birdwatching,Picnic Area,Restrooms On-Site,Quiet Environment,Family Friendly,Pet Friendly,Minimal Cell Service,Seasonal Wildflowers,Cottonwood Trees,Willow Trees,Paddleboarding,Pedal Boats,Sand Dunes Context,Central Nebraska,Remote Location,Sunset Views,Clear Water,Nature Photography,Heritage Site,Arbor Day History,Pioneer Grove,Easy Walk,Short Loop Available,Bird Sanctuary,Dragonfly Sightings,Historic Landmark,Community Gatherings","Tucked away in the central Sandhills, Victoria Springs is widely considered the most scenic 'oasis' in the region. The geography is defined by a constant flow of cold mineral springs that feed a small, crystal-clear lake surrounded by massive cottonwood trees. Unlike the arid dunes nearby, this site maintains a lush, verdant microclimate. The area was once famous for its 'healing waters' and served as a critical stop for travelers navigating the vast, dry expanses of the central plains.","The springs create a unique riparian environment within the Sandhills, supporting ancient willow trees and dense thickets of wild plums. The lake is a haven for waterfowl and provides excellent habitat for bluegills and largemouth bass. Nature enthusiasts will find a variety of migratory songbirds and a high density of dragonflies buzzing over the spring-fed waters. The presence of water in this semi-arid region makes it a magnet for local wildlife, including deer and raccoons, who visit the springs at dusk.","Founded by Judge Charles Mathews in the late 19th century, this was the site of a pioneer general store and post office that still stands today. It was officially designated as a state recreation area in 1923, making it one of the oldest in the state. The site is a cultural testament to the 'Sod-buster' era, featuring historic log cabins that offer a glimpse into early Nebraska settlement. It remains a quiet, historic retreat that captures the slow-paced charm of rural Sandhills life. Description is a courtesy of Gemini.",https://film.nebraska.gov/wp-content/uploads/2021/05/Victoria-Springs-State-Recreation-Area2021-05-12-4-scaled.jpg
Mahoney State Park,28500 W Park Hwy Ashland NE 68003,41.0298,-96.3115,20,95,"Family Friendly,Water Park,Observation Tower,Paved Trails,Ice Skating,Indoor Playground,Mini Golf,Hiking Trails,Fishing,Camping,Cabins Available,Lodge On-Site,Theater,Wildlife Sightings,Birdwatching,Photography Spot,Sunset Views,Missouri River Valley,Picnic Area,Restrooms On-Site,Accessibility Friendly,Pet Friendly,Tennis Courts,Archery Range,Nature Center,Educational Signage,Rock Climbing,Ropes Course,Horseback Riding,Seasonal Wildflowers,Autumn Foliage,Platte River Bluffs,Warbler Sightings,Deer Sightings,River Access,Visitor Center,Gift Shop,Guided Tours,Sandbar Views,Outdoor Classroom","Eugene T. Mahoney State Park is Nebraska's premier 'resort' park, located on the high bluffs overlooking the Platte River between Omaha and Lincoln. The geography features steep, wooded ravines and rolling loess hills that provide spectacular panoramic views of the river valley. A massive 70-foot observation tower allows visitors to see for miles, highlighting the patchwork of forest, sandbars, and agricultural land that defines the eastern Nebraska landscape.","The park's 700 acres are primarily composed of a dense oak and hickory forest canopy. This wooded environment is home to a high concentration of white-tailed deer and wild turkeys, which are easily spotted along the park's winding roads. In the spring, the park is a bustling corridor for migratory birds, including scarlet tanagers and various woodpeckers. The manicured areas of the park are complemented by wilder sections of Stone Creek, which supports local amphibians and aquatic flora.","Named after a legendary director of the Nebraska Game and Parks Commission, this park represents the pinnacle of modern outdoor recreation in the state. It features a professional theater, a massive aquatic center, and the Peter Kiewit Lodge. Beyond the amenities, the park preserves the aesthetic of the Platte River bluffs, serving as a social and cultural hub for families across the Midwest. It perfectly balances high-end tourist infrastructure with the preservation of Nebraska's natural riverine beauty. Description is a courtesy of Gemini.",https://wheninyourstate.com/wp-content/uploads/2020/01/Eugene-T.-Mahoney-State-Park-e1578663784367.jpg
Oliver Reservoir,W Highway 30 Kimball NE 69145,41.2291,-103.8447,15,78,"High Plains Lake,Fishing,Boating,Camping,Flat Path,Prairie Grass,Minimal Shade,Wind Exposure,Extreme Sun Exposure,Sunset Views,Photography Spot,Wildlife Sightings,Birdwatching,Waterfowl,Antelope Sightings,Restrooms On-Site,Picnic Area,Boat Ramps,Stargazing Spot,Minimal Cell Service,Western Nebraska,Arid Climate,Native Plant Life,Cactus Sightings,Shortgrass Prairie,Easy Walk,Pet Friendly,Family Friendly,Quiet Environment,Nature Photography,Geological Context,Lodgepole Creek,Dam Site,Shoreline Trail,Sandstone Outcrops,Buffalo Grass,Meadowlark Sightings,Morning Sunrise,Remote Camping","Oliver Reservoir is the only major water body in the far western panhandle, situated along Lodgepole Creek near the Wyoming border. The geography is characterized by wide-open shortgrass prairie and low-lying sandstone bluffs. The lake is an artificial reservoir that provides a stark blue contrast to the sun-bleached yellows and browns of the high plains. Because of its high elevation and flat surroundings, the site is known for its constant wind and unobstructed 360-degree horizon views.","The area is a prime example of the high-plains ecosystem, dominated by hardy buffalo grass, yucca, and prickly pear cactus. It is one of the best locations in the state to spot pronghorn antelope as they graze near the water's edge. During migration seasons, the reservoir becomes a critical stop for western grebes, pelicans, and various plovers. The lack of light pollution makes the night sky here exceptionally clear, offering views of the Milky Way that are among the best in the Midwest.","Oliver Reservoir is a popular local spot for 'high-desert' recreation, offering a rare water refuge in an otherwise arid landscape. Historically, the Lodgepole Creek valley served as a route for the transcontinental railroad and the Lincoln Highway. The reservoir is a testament to 20th-century water management efforts to support both agriculture and recreation in the driest part of the state. It remains a peaceful, rugged destination for those looking to experience the quiet solitude of the western Nebraska frontier. Description is a courtesy of Gemini.",https://visitnebraska.com/sites/default/files/listing_images/profile/3277/OliverReservoirSRA_14.jpg
Branched Oak SRA,12000 NW 140th St Raymond NE 68428,40.9680,-96.8625,25,85,"Large Lake,Boating,Fishing,Camping,Hiking Trails,Horseback Riding,Beach Access,Wildlife Sightings,Birdwatching,Waterfowl,Pelican Sightings,Photography Spot,Sunset Views,Picnic Area,Restrooms On-Site,Showers On-Site,Dog Friendly,Family Friendly,Paved Roads,Dirt Trails,Minimal Shade,Wind Exposure,Educational Signage,Arboretum,Seasonal Wildflowers,Tallgrass Prairie,Oak Trees,Eastern Nebraska,Sailing,Kayaking,Canoeing,Paddleboarding,Boat Ramps,Fish Cleaning Station,Archery Range,Mountain Biking,Group Camping,Summer Recreation,Nature Photography","Located just north of Lincoln, Branched Oak is the largest lake in eastern Nebraska, covering over 1,800 acres of water. The geography consists of a sprawling reservoir surrounded by gently rolling hills and restored tallgrass prairie. Its irregular shoreline creates numerous coves and points, offering diverse vistas of the water. The open landscape makes it a premier location for sailing, as it catches the consistent winds that sweep across the southeastern plains.","The lake is a significant destination for birdwatchers, especially during the spring migration when white pelicans stop over by the thousands. The surrounding land features a mix of eastern deciduous trees—primarily oaks—and open grasslands. Anglers find the lake teeming with walleye, catfish, and crappie. In the summer, the prairie sections bloom with purple coneflowers and goldenrod, providing a vibrant habitat for grassland birds like the Dickcissel and various hawk species.","Branched Oak serves as a major cultural and recreational hub for the Lincoln metropolitan area. It was originally created for flood control but has evolved into a premier destination for sailing and competitive fishing. The park features an extensive trail system utilized by equestrian groups and mountain bikers alike. It stands as a prime example of how managed water resources can provide critical habitat for wildlife while supporting the high-intensity recreational needs of a growing urban population. Description is a courtesy of Gemini.",https://www.campgroundviews.com/wp-content/uploads/job-manager-uploads/2/2017/06/branched-oak-state-park-campground-nebraska-11.jpg
Mormon Island SRA,7489 S Bur Oak Rd Doniphan NE 68832,40.8247,-98.3242,15,84,"River Island,Sandhill Crane Migration,Camping,Fishing,Swimming Beach,Paved Trails,Flat Path,Photography Spot,Wildlife Sightings,Birdwatching,Platte River,Mormon Trail History,Heritage Site,Educational Signage,Restrooms On-Site,Picnic Area,Handicap Accessible,Family Friendly,Pet Friendly,Cottonwood Forest,Native Plant Life,Seasonal Wildflowers,Waterfowl,River Access,Stargazing Spot,Quiet Environment,Bridge Crossings,Butterfly Garden,Nature Photography,Central Nebraska,History Markers,Pioneer Context,Gravel Paths,Easy Walk,Migration Corridor,Meadowlark Sightings,Summer Recreation,Nature Observation","Located on an island in the Platte River, the geography of Mormon Island is flat and riparian, characterized by sandy soils and secondary channels of the river. It is situated in the heart of the 'Big Bend' region of the Platte. The park features several clear-water borrow pits left over from the construction of Interstate 80, which now serve as stocked fishing lakes and swimming holes surrounded by lush riverine vegetation and tall cottonwoods.","The park is globally famous as a premier viewing site for the Sandhill Crane migration every March. Hundreds of thousands of cranes roost in the shallow waters of the Platte River adjacent to the park. The nature of the island also supports a dense population of white-tailed deer and migratory waterfowl. In the summer, the prairie grasses and wooded edges provide habitat for monarch butterflies and songbirds. The 'Bur Oak' forest on the island is a remnant of the original river-bottom timber that once guided pioneers.","The site is named for the Mormon pioneers who used the island as a winter stopover during their trek to Utah in the mid-1840s. Today, it serves as a critical 'Golden Link' in the chain of parks along the Platte River. It blends pioneer history with modern conservation, acting as a gateway for travelers to experience the natural wonder of the crane migration. The park is a testament to the enduring significance of the Platte River valley as a corridor for both human migration and wildlife survival. Description is a courtesy of Gemini.",https://media-cdn.tripadvisor.com/media/photo-s/17/c4/a2/26/20190602-131137-largejpg.jpg
Medicine Creek SRA,40611 Drive 728 Cambridge NE 69022,40.3808,-100.2178,35,87,"Dam Site,Reservoir,Boating,Fishing,Hunting,Camping,Cabins Available,Hiking Trails,Photography Spot,Sunset Views,Wildlife Sightings,Birdwatching,Waterfowl,Canyons,Rugged Terrain,Minimal Shade,Wind Exposure,Extreme Sun Exposure,Restrooms On-Site,Picnic Area,Boat Ramps,Minimal Cell Service,Southwest Nebraska,Native Plant Life,Seasonal Wildflowers,Prairie Grass,Nature Photography,Remote Location,Walleye Fishing,Deer Sightings,Turkey Sightings,Quiet Environment,Family Friendly,Pet Friendly,Historical Markers,Irrigation History,Stargazing Spot,Morning Mist,Outdoor Adventure","Located in the rugged breaks of southwest Nebraska, Medicine Creek (also known as Harry Strunk Lake) features a geography of deep, winding canyons and steep-sided ridges that descend into the reservoir. The lake's long, narrow finger-like bays are sheltered by high banks, providing calm waters even when the prairie winds are blowing. This creates a dramatic landscape of blue water set against the buff-colored loess hills and rugged draws characteristic of the Republican River valley.","The area is a premier destination for wildlife observation and public hunting, featuring a massive acreage of mixed-grass prairie and timbered draws. Nature lovers can find a high density of Rio Grande wild turkeys and both mule and white-tailed deer. The rugged terrain provides nesting sites for hawks and owls, while the lake attracts a variety of diving ducks and pelicans. In the early morning, a heavy mist often clings to the canyon floors, creating a hauntingly beautiful scene for photographers.","The dam was completed in 1949 as part of the Pick-Sloan Missouri Basin Program for flood control and irrigation. The site has a remote, 'hidden gem' feel, popular with those who want to escape the more crowded parks in the east. It represents the successful management of Nebraska's western water resources, turning a seasonal creek into a thriving aquatic ecosystem and a recreational anchor for the rural communities of the southwest. Description is a courtesy of Gemini.",https://visitnebraska.com/sites/default/files/listing_images/profile/7625/41038a591765774734a89fd6f4a2eb01_medicinecreekcabin.jpg
Lewis and Clark SRA,54731 894 Rd Crofton NE 68730,42.8441,-97.4833,30,89,"Massive Lake,Missouri River,Boating,Sailing,Fishing,Camping,Cabins Available,Beach Access,Hiking Trails,Photography Spot,Sunset Views,Wildlife Sightings,Birdwatching,Bald Eagle Sightings,Chalkstone Bluffs,Geological Marvel,Photography Spot,Lewis and Clark Trail,Historic Landmark,Visitor Center,Restrooms On-Site,Picnic Area,Playground,Family Friendly,Pet Friendly,Wind Exposure,Minimal Shade,Waterfowl,River Access,Educational Signage,Nature Photography,Northeast Nebraska,Border Lake,Jet Skiing,Summer Recreation,Stargazing Spot,Autumn Foliage,River Navigation History,Public Land","Lewis and Clark State Recreation Area sits on the southern shore of Gavins Point Dam, the second-largest reservoir in the state. The geography is dominated by the massive expanse of the Missouri River and the stunning chalkstone bluffs that line the Nebraska side. These white cliffs provide a striking vertical backdrop to the blue water and sandy beaches. The park's position at the edge of the rolling hills of northeast Nebraska offers a mix of shoreline flats and elevated overlook points.","The park is a major hub for avian life, particularly during the winter when the open water below the dam attracts hundreds of bald eagles and thousands of snow geese. The shoreline habitat is home to the interior least tern and piping plover, both protected species. The surrounding upland areas feature a mix of prairie and cedar thickets, providing cover for deer and pheasants. The lake's clear water supports a healthy population of walleye and smallmouth bass, which thrive near the rocky face of the dam.","This area is deeply tied to the 'Corps of Discovery' expedition; Lewis and Clark camped in this vicinity in late August 1804. The modern park serves as a cultural bridge between Nebraska and South Dakota, attracting sailors and power-boaters from across the region. It is a testament to the engineering of the Missouri River system and remains a vital center for outdoor education regarding river ecology and the history of westward exploration. Description is a courtesy of Gemini.",https://magazine.outdoornebraska.gov/wp-content/uploads/2019/08/EF20190615_0142-rgb.jpg
Schramm Park SRA,15810 NE-31 Gretna NE 68028,41.0180,-96.2550,40,90,"Fish Hatchery History,Aquarium,Nature Center,Hiking Trails,Paved Paths,Steep Inclines,Wooded Bluffs,Platte River Views,Wildlife Sightings,Birdwatching,Photography Spot,Educational Signage,Visitor Center,Restrooms On-Site,Picnic Area,Playground,Family Friendly,Accessibility Friendly,Geological History,Fossil History,Native Plant Life,Deciduous Forest,Autumn Foliage,River Access,Canoe Access,Stargazing Spot,Butterfly Garden,Nature Photography,Eastern Nebraska,Historic Landmark,State's First Hatchery,Spring Fed,Suspension Bridge,Outdoor Classroom,Warbler Sightings,Mushroom Foraging,Quiet Walk,Cultural Heritage","Schramm Park is situated on the scenic bluffs of the Platte River and features some of the most unique topography in eastern Nebraska. The geography includes steep, timbered ridges and deep, cool ravines fed by natural springs. It is the site of the state's first fish hatchery, utilizing the limestone-filtered spring water that flows from the hills. The park's trails offer a more rugged hiking experience than most eastern parks, with significant elevation gains providing glimpses of the river through the trees.","The park's nature is characterized by a mature oak-hickory forest and a state-of-the-art 'Schramm Education Center' that features a large aquarium of native Nebraska fish. The wooded environment is a haven for migratory songbirds and woodpeckers. Because of the limestone outcroppings, the park also features unique ferns and mosses. In the fall, the canopy provides a brilliant display of orange and gold, while the spring brings a carpet of dutchman's breeches and other forest floor wildflowers.","Originally established in 1879 as the Gretna State Fish Hatchery, Schramm is a cornerstone of Nebraska's conservation history. The historic hatch house still stands as a museum, showing how the state first began stocking its waters. Today, it serves as a premier environmental education facility, blending the history of the 19th-century naturalist with 21st-century interactive technology. It is a beloved destination for school groups and families, preserving the cultural legacy of Nebraska's commitment to its aquatic resources. Description is a courtesy of Gemini.",https://lewisandclark.s3.amazonaws.com/wp-content/uploads/2023/04/28175821/SSP80D-0258.jpg
